name,r,g,b,ka,kd,ks,shininess,emissive_r,emissive_g,emissive_b,opacity,reflectivity,unlit,cutout,texture_layer,uv_x,uv_y
floor,1,1,1,1,1,0.35,48,0,0,0,1,0.18,0,0,0,8,4
ceiling,0.85,0.83,0.78,1,1,0,24,0,0,0,1,0,0,0,-1,1,1
wall-side,1,1,1,1,1,0.05,8,0,0,0,1,0,0,0,1,1,3.75
door-lintel,1,1,1,1,1,0.05,8,0,0,0,1,0,0,0,1,3,1.35
hall-floor,0.72,0.68,0.59,1,1,0.1,16,0,0,0,1,0,0,0,0,3,3
hall-wall,0.34,0.37,0.42,1,1,0.04,24,0,0,0,1,0,0,0,-1,1,1
door-frame,0.82,0.77,0.65,1,1,0.2,24,0,0,0,1,0,0,0,-1,1,1
wall-front,1,1,1,1,1,0.05,8,0,0,0,1,0,0,0,1,10,3.75
wall-back-left,1,1,1,1,1,0.05,8,0,0,0,1,0,0,0,1,5.25,3.75
wall-back-right,1,1,1,1,1,0.05,8,0,0,0,1,0,0,0,1,2.75,3.75
wall-back-bottom,1,1,1,1,1,0.05,8,0,0,0,1,0,0,0,1,2,1.25
wall-back-top,1,1,1,1,1,0.05,8,0,0,0,1,0,0,0,1,2,1
window-frame,0.92,0.9,0.85,1,1,0.3,32,0,0,0,1,0,0,0,-1,1,1
sky,1,1,1,1,1,0,24,0.0342584,0.0357034,0.101296,1,0,1,0,6,6.4,2.25
sun,0,0,0,1,1,0,24,1,0.9,0.55,1,0,1,0,-1,1,1
moon,1.65,1.65,1.65,1,1,0,16,0.015,0.018,0.025,1,0,1,0,7,1,1
rug,1,1,1,1,1,0,16,0,0,0,1,0,0,0,2,1,1
poster,1,1,1,1,1,0.2,32,0,0,0,1,0,0,0,5,1,1
mission-crate,0.6,0.33,0.13,1,1,0.1,16,0,0,0,1,0,0,0,4,1,1
block-0,0.9,0.2,0.2,1,1,0.25,32,0,0,0,1,0,0,0,4,1,1
block-1,0.2,0.4,0.95,1,1,0.25,32,0,0,0,1,0,0,0,4,1,1
block-2,1,0.8,0.15,1,1,0.25,32,0,0,0,1,0,0,0,4,1,1
block-3,0.9,0.2,0.2,1,1,0.25,32,0,0,0,1,0,0,0,4,1,1
block-4,0.2,0.4,0.95,1,1,0.25,32,0,0,0,1,0,0,0,4,1,1
block-5,1,0.8,0.15,1,1,0.25,32,0,0,0,1,0,0,0,4,1,1
desk-wood,0.85,0.7,0.6,1,1,0.3,32,0,0,0,1,0,0,0,0,1,0.5
brass,0.85,0.65,0.25,1,1,0.8,64,0,0,0,1,0,0,0,-1,1,1
paper,0.88,0.84,0.72,1,1,0,24,0,0,0,1,0,0,0,-1,1,1
pencil,0.95,0.65,0.12,1,1,0.2,24,0,0,0,1,0,0,0,-1,1,1
room-trim,0.76,0.73,0.65,1,1,0.2,24,0,0,0,1,0,0,0,-1,1,1
curtain,0.38,0.45,0.57,1,1,0,16,0,0,0,1,0,0,0,8,2,5
quilt,1,0.62,0.3,1,1,0,16,0,0,0,1,0,0,0,11,3,4
book-spines,1,1,1,1,1,0.08,16,0,0,0,1,0,0,0,13,1,1
distant-roofs,0.035,0.045,0.085,1,1,0,24,0,0,0,1,0,1,0,-1,1,1
lamp-metal,0.15,0.45,0.35,1,1,0.7,64,0,0,0,1,0,0,0,-1,1,1
clock-ink,0.05,0.06,0.09,1,1,0,24,0,0,0,1,0,0,0,-1,1,1
bulb,0,0,0,1,1,0,24,1,0.9,0.6,1,0,1,0,-1,1,1
beach-ball,1,1,1,1,1,0.6,64,0,0,0,1,0.12,0,0,3,1,1
ghost,0.9,0.95,1,1,1,0.2,16,0.15,0.2,0.3,0,0,0,0,-1,1,1
ghost-eyes,0.02,0.02,0.05,1,1,0.5,32,0,0,0,1,0,0,0,-1,1,1
Woody-belt,0.25,0.15,0.08,1,1,0.4,32,0,0,0,1,0,0,0,10,1,1
Woody-pants,0.2,0.35,0.75,1,1,0.1,8,0,0,0,1,0,0,0,9,2,2
Woody-boots,0.45,0.25,0.1,1,1,0.6,48,0,0,0,1,0,0,0,10,1,1
boot-sole,0.12,0.08,0.055,1,1,0.2,12,0,0,0,1,0,0,0,-1,1,1
Woody-shirt,0.95,0.85,0.35,1,1,0.15,12,0,0,0,1,0,0,0,11,1,1
Woody-vest,0.95,0.95,0.9,1,1,0.15,12,0,0,0,1,0,0,0,12,1,1
Woody-skin,0.96,0.8,0.66,1,1,0.2,16,0,0,0,1,0,0,0,-1,1,1
Woody-collar,0.95,0.85,0.35,1,1,0.06,24,0,0,0,1,0,0,0,-1,1,1
Woody-scarf,0.67,0.09,0.075,1,1,0.04,24,0,0,0,1,0,0,0,-1,1,1
Woody-hands,0.96,0.8,0.66,1,1,0.2,16,0,0,0,1,0,0,0,-1,1,1
eye-white,1,1,1,1,1,0.8,96,0,0,0,1,0,0,0,-1,1,1
eye-pupil,0.05,0.05,0.08,1,1,0.9,128,0,0,0,1,0,0,0,-1,1,1
mouth,0.55,0.1,0.12,1,1,0.2,16,0,0,0,1,0,0,0,-1,1,1
Woody-iris,0.32,0.23,0.1,1,1,0.65,72,0,0,0,1,0,0,0,-1,1,1
Woody-hair,0.35,0.2,0.08,1,1,0.3,24,0,0,0,1,0,0,0,-1,1,1
Woody-hat,0.55,0.35,0.18,1,1,0.2,16,0,0,0,1,0,0,0,10,1,1
Jessie-belt,0.25,0.15,0.08,1,1,0.4,32,0,0,0,1,0,0,0,10,1,1
Jessie-pants,0.25,0.45,0.85,1,1,0.1,8,0,0,0,1,0,0,0,9,2,2
Jessie-boots,0.55,0.35,0.2,1,1,0.6,48,0,0,0,1,0,0,0,10,1,1
Jessie-shirt,0.97,0.97,0.95,1,1,0.15,12,0,0,0,1,0,0,0,8,1,1
Jessie-vest,0.85,0.15,0.15,1,1,0.15,12,0,0,0,1,0,0,0,8,1,1
Jessie-skin,0.96,0.8,0.66,1,1,0.2,16,0,0,0,1,0,0,0,-1,1,1
Jessie-collar,0.95,0.69,0.22,1,1,0.06,24,0,0,0,1,0,0,0,-1,1,1
Jessie-scarf,0.67,0.09,0.075,1,1,0.04,24,0,0,0,1,0,0,0,-1,1,1
Jessie-hands,0.96,0.8,0.66,1,1,0.2,16,0,0,0,1,0,0,0,-1,1,1
Jessie-iris,0.18,0.45,0.23,1,1,0.65,72,0,0,0,1,0,0,0,-1,1,1
Jessie-hair,0.85,0.25,0.08,1,1,0.3,24,0,0,0,1,0,0,0,-1,1,1
Jessie-plait,0.85,0.25,0.08,1,1,0.3,24,0,0,0,1,0,0,0,8,2,6
hair-bow,1,0.85,0.2,1,1,0.25,24,0,0,0,1,0,0,0,-1,1,1
Jessie-hat,0.85,0.12,0.12,1,1,0.2,16,0,0,0,1,0,0,0,10,1,1
horse-coat,0.55,0.32,0.14,1,1,0.25,20,0,0,0,1,0,0,0,8,3,3
horse-muzzle,0.88,0.78,0.62,1,1,0.2,16,0,0,0,1,0,0,0,-1,1,1
saddle,0.55,0.12,0.08,1,1,0.5,40,0,0,0,1,0,0,0,10,1,1
horse-mane,0.22,0.12,0.05,1,1,0.2,16,0,0,0,1,0,0,0,8,1,4
horse-hoof,0.18,0.13,0.09,1,1,0.5,32,0,0,0,1,0,0,0,-1,1,1
Buzz-belt,0.35,0.75,0.25,1,1,0.4,32,0,0,0,1,0,0,0,-1,1,1
Buzz-pants,0.92,0.92,0.92,1,1,0.1,8,0,0,0,1,0,0,0,-1,1,1
Buzz-boots,0.5,0.3,0.7,1,1,0.6,48,0,0,0,1,0,0,0,-1,1,1
Buzz-vest,0.35,0.75,0.25,1,1,0.15,12,0,0,0,1,0,0,0,-1,1,1
Buzz-shirt,0.95,0.95,0.95,1,1,0.15,12,0,0,0,1,0,0,0,-1,1,1
Buzz-skin,0.96,0.8,0.66,1,1,0.2,16,0,0,0,1,0,0,0,-1,1,1
Buzz-hands,0.5,0.3,0.7,1,1,0.2,16,0,0,0,1,0,0,0,-1,1,1
Buzz-red,0.9,0.15,0.12,1,1,0.6,64,0,0,0,1,0,0,0,-1,1,1
laser-beam,0,0,0,1,1,0,24,1,0.1,0.1,0.85,0,1,0,-1,1,1
Buzz-iris,0.32,0.23,0.1,1,1,0.65,72,0,0,0,1,0,0,0,-1,1,1
Buzz-hair,0.35,0.2,0.1,1,1,0.3,24,0,0,0,1,0,0,0,-1,1,1
Buzz-hood,0.5,0.3,0.7,1,1,0.3,24,0,0,0,1,0,0,0,-1,1,1
Buzz-helmet,0.8,0.9,1,1,1,1,128,0,0,0,0.22,0.25,0,0,-1,1,1
Buzz-blue,0.2,0.45,0.95,1,1,0.6,64,0,0,0,1,0,0,0,-1,1,1
Buzz-joints,0.12,0.14,0.18,1,1,0.4,40,0,0,0,1,0,0,0,-1,1,1
car-paint,0.85,0.1,0.1,1,1,0.9,96,0,0,0,1,0.15,0,0,-1,1,1
car-glass,0.25,0.45,0.7,1,1,1,128,0,0,0,1,0.3,0,0,-1,1,1
car-trim,0.12,0.12,0.14,1,1,0.4,32,0,0,0,1,0,0,0,-1,1,1
car-headlight,1,1,0.85,1,1,0.5,32,0,0,0,1,0,0,0,-1,1,1
tyre,0.08,0.08,0.08,1,1,0.1,8,0,0,0,1,0,0,0,9,6,1
hub,0.75,0.75,0.8,1,1,0.9,96,0,0,0,1,0,0,0,-1,1,1
ground-floor-wood,0.92,0.82,0.7,1,1,0.3,32,0,0,0,1,0,0,0,0,1.5,6
corridor-runner,0.55,0.2,0.18,1,1,0,24,0,0,0,1,0,0,0,2,1,4
ground-floor-wall,0.86,0.8,0.68,1,1,0.05,8,0,0,0,1,0,0,0,-1,1,1
buzz-door-casing,0.93,0.9,0.82,1,1,0.25,24,0,0,0,1,0,0,0,-1,1,1
stair-wood,0.8,0.62,0.46,1,1,0.3,32,0,0,0,1,0,0,0,0,0.6,0.2
hall-ceiling-lamp,0,0,0,1,1,0,24,1,0.92,0.75,1,0,1,0,-1,1,1
door-wood,0.8,0.64,0.48,1,1,0.25,24,0,0,0,1,0,0,0,0,0.5,1
door-panel,0.7,0.54,0.4,1,1,0.2,24,0,0,0,1,0,0,0,-1,1,1
siding-front-left,0.96,0.8,0.42,1,1,0.08,12,0,0,0,1,0,0,0,15,8.89583,5
siding-front-right,0.96,0.8,0.42,1,1,0.08,12,0,0,0,1,0,0,0,15,1.8125,5
siding-front-over-door,0.96,0.8,0.42,1,1,0.08,12,0,0,0,1,0,0,0,15,0.916667,3.5
siding-back-left,0.96,0.8,0.42,1,1,0.08,12,0,0,0,1,0,0,0,15,4.5625,5
siding-back-right,0.96,0.8,0.42,1,1,0.08,12,0,0,0,1,0,0,0,15,5.39583,5
siding-back-under-window,0.96,0.8,0.42,1,1,0.08,12,0,0,0,1,0,0,0,15,1.66667,2.91667
siding-back-over-window,0.96,0.8,0.42,1,1,0.08,12,0,0,0,1,0,0,0,15,1.66667,0.833333
siding-left,0.96,0.8,0.42,1,1,0.08,12,0,0,0,1,0,0,0,15,7.54167,5
siding-right,0.96,0.8,0.42,1,1,0.08,12,0,0,0,1,0,0,0,15,7.54167,5
house-trim,0.95,0.95,0.93,1,1,0.25,32,0,0,0,1,0,0,0,-1,1,1
house-brick,0.68,0.32,0.24,1,1,0.05,8,0,0,0,1,0,0,0,17,1,1.5
roof-shingles,0.86,0.42,0.28,1,1,0.12,12,0,0,0,1,0,0,0,16,12,5
siding-gable,0.96,0.8,0.42,1,1,0.08,12,0,0,0,1,0,0,0,15,8,2
chimney-cap,0.25,0.24,0.24,1,1,0.1,24,0,0,0,1,0,0,0,-1,1,1
house-window-pane,1,1,1,1,1,0.9,96,0,0,0,1,0.2,0,0,-1,1,1
flower-box,0.92,0.92,0.9,1,1,0.2,24,0,0,0,1,0,0,0,-1,1,1
flower-bed,1,1,1,1,1,0.05,8,0,0,0,1,0,0,0,-1,3,1
porch-deck,0.62,0.4,0.28,1,1,0.2,16,0,0,0,1,0,0,0,0,2,1
cutout-railing-left,0.97,0.97,0.95,1,1,0.2,24,0,0,0,1,0,0,1,14,0.625,1
cutout-railing-right,0.97,0.97,0.95,1,1,0.2,24,0,0,0,1,0,0,1,14,0.625,1
porch-shingles,0.86,0.42,0.28,1,1,0.12,12,0,0,0,1,0,0,0,16,3,2
siding-porch-gable,0.96,0.8,0.42,1,1,0.08,12,0,0,0,1,0,0,0,15,3,1
planter-barrel,0.55,0.38,0.24,1,1,0.1,24,0,0,0,1,0,0,0,-1,1,1
tree-leaves-light,0.36,0.6,0.24,1,1,0.05,24,0,0,0,1,0,0,0,-1,1,1
porch-lantern,0.1,0.1,0.1,1,1,0,24,1,0.85,0.55,1,0,1,0,-1,1,1
siding-garage-front,0.9,0.76,0.45,1,1,0.08,12,0,0,0,1,0,0,0,15,3.5625,1.875
siding-garage-side,0.9,0.76,0.45,1,1,0.08,12,0,0,0,1,0,0,0,15,5.20833,1.875
siding-garage-back,0.9,0.76,0.45,1,1,0.08,12,0,0,0,1,0,0,0,15,3.5625,1.875
garage-door,0.55,0.58,0.66,1,1,0.3,24,0,0,0,1,0,0,0,15,2,1.5
garage-shingles,0.8,0.4,0.28,1,1,0.12,12,0,0,0,1,0,0,0,16,3,4
siding-garage-gable,0.9,0.76,0.45,1,1,0.08,12,0,0,0,1,0,0,0,15,3,1
lawn,0.38,0.62,0.26,1,1,0.02,4,0,0,0,1,0,0,0,18,80,80
paving,0.8,0.74,0.62,1,1,0.05,24,0,0,0,1,0,0,0,-1,1,1
street,0.3,0.3,0.32,1,1,0.05,24,0,0,0,1,0,0,0,-1,1,1
cutout-fence-left,0.97,0.97,0.95,1,1,0.2,24,0,0,0,1,0,0,1,14,3.74107,1
cutout-fence-right,0.97,0.97,0.95,1,1,0.2,24,0,0,0,1,0,0,1,14,2.32143,1
picket-white,0.97,0.97,0.95,1,1,0.2,24,0,0,0,1,0,0,0,-1,1,1
tree-bark,0.36,0.25,0.16,1,1,0.05,24,0,0,0,1,0,0,0,-1,1,1
shrub,0.22,0.45,0.2,1,1,0.05,24,0,0,0,1,0,0,0,-1,1,1
tree-leaves,0.24,0.48,0.2,1,1,0.05,24,0,0,0,1,0,0,0,-1,1,1
outdoor-sun,0,0,0,1,1,0,24,1,0.88,0.55,1,0,1,0,-1,1,1
outdoor-sun-halo,0,0,0,1,1,0,24,1,0.95,0.78,0.4,0,1,0,-1,1,1
front-door,0.7,0.5,0.38,1,1,0.25,24,0,0,0,1,0,0,0,0,0.4,1
house-window-glass,0.22,0.32,0.45,1,1,0.9,96,0,0,0,1,0,0,0,-1,1,1
rescue-iron,0.1,0.13,0.16,1,1,0.65,64,0,0,0,1,0.1,0,0,-1,1,1
chest-lining,0.3,0.14,0.08,1,1,0.05,8,0,0,0,1,0,0,0,0,1,0.5
chest-wood,0.66,0.27,0.16,1,1,0.2,24,0,0,0,1,0,0,0,0,1.2,0.5
chest-painted-front,1,1,1,1,1,0.18,18,0,0,0,1,0,0,0,22,1,1
chest-iron,0.27,0.22,0.16,1,1,0.55,48,0,0,0,1,0.05,0,0,-1,1,1
keyhole,0.03,0.03,0.03,1,1,0,24,0,0,0,1,0,0,0,-1,1,1
chest-button-ring,0.62,0.62,0.64,1,1,0.9,96,0,0,0,1,0,0,0,-1,1,1
chest-red-button,0.9,0.1,0.06,1,1,0.8,96,0.275,0.02,0,1,0,0,0,-1,1,1
buzz-room-floor,0.95,0.78,0.62,1,1,0.3,40,0,0,0,1,0.12,0,0,0,3,2.5
buzz-wall-BackWall,1,1,1,1,1,0.05,8,0,0,0,1,0,0,0,23,3.14583,1.75
buzz-wall-WindowWall,1,1,1,1,1,0.05,8,0,0,0,1,0,0,0,23,3.75,1.75
buzz-wall-FrontWall,1,1,1,1,1,0.05,8,0,0,0,1,0,0,0,23,3.75,1.75
buzz-wall-DoorWallBack,1,1,1,1,1,0.05,8,0,0,0,1,0,0,0,23,0.895833,1.75
buzz-wall-DoorWallFront,1,1,1,1,1,0.05,8,0,0,0,1,0,0,0,23,1.33333,1.75
buzz-wall-DoorWallLintel,1,1,1,1,1,0.05,8,0,0,0,1,0,0,0,23,0.916667,0.25
buzz-room-trim,0.93,0.9,0.82,1,1,0.25,24,0,0,0,1,0,0,0,-1,1,1
wardrobe-wood,0.86,0.55,0.33,1,1,0.3,36,0,0,0,1,0,0,0,0,0.45,1
wardrobe-inside,0.36,0.22,0.13,1,1,0.05,8,0,0,0,1,0,0,0,0,0.6,1
wardrobe-panel,0.74,0.45,0.26,1,1,0.3,36,0,0,0,1,0,0,0,0,0.3,0.8
gold-star-decal,1,1,1,1,1,0.6,64,0,0,0,1,0,0,1,25,1,1
wardrobe-buzz-glow,0,0,0,1,1,0,24,0,0,0,0,0,1,0,-1,1,1
buzz-window-pane,1,1,1,1,1,0.9,96,0,0,0,1,0.2,0,0,19,1,1
buzz-curtain,0.55,0.65,0.95,1,1,0,8,0,0,0,1,0,0,0,11,2,4
buzz-bed-wood,0.8,0.5,0.3,1,1,0.3,32,0,0,0,1,0,0,0,0,0.6,0.6
buzz-linen,0.92,0.9,0.84,1,1,0.05,8,0,0,0,1,0,0,0,-1,1,1
buzz-star-quilt,1,1,1,1,1,0.02,8,0,0,0,1,0,0,0,24,1.5,2
buzz-book-spines,1,1,1,1,1,0.08,16,0,0,0,1,0,0,0,13,1,1
buzz-star-box,0.3,0.45,0.85,1,1,0.2,24,0,0,0,1,0,0,0,4,1,1
buzz-star-box-red,0.85,0.3,0.25,1,1,0.2,24,0,0,0,1,0,0,0,4,1,1
buzz-globe,0.25,0.5,0.85,1,1,0.6,64,0,0,0,1,0,0,0,-1,1,1
buzz-toy-white,0.92,0.92,0.9,1,1,0.5,48,0,0,0,1,0,0,0,-1,1,1
buzz-toy-red,0.85,0.15,0.12,1,1,0.5,48,0,0,0,1,0,0,0,-1,1,1
teddy-fur,0.55,0.36,0.2,1,1,0.05,8,0,0,0,1,0,0,0,8,3,3
buzz-lamp-bulb,0,0,0,1,1,0,24,1,0.85,0.55,1,0,1,0,-1,1,1
buzz-lamp-shade,0.95,0.82,0.55,1,1,0.1,8,0.35,0.25,0.1,1,0,0,0,-1,1,1
buzz-room-poster,1,1,1,1,1,0.2,32,0,0,0,1,0,0,0,5,1,1
buzz-star-rug,0.8,0.85,1.05,1,1,0,4,0,0,0,1,0,0,0,23,2,1.5
football,1,1,1,1,1,0.4,48,0,0,0,1,0,0,0,26,1,1
penny-fur,0.97,0.94,0.88,1,1,0.06,8,0,0,0,1,0,0,0,8,4,4
penny-ginger,0.9,0.56,0.24,1,1,0.06,8,0,0,0,1,0,0,0,8,4,4
penny-ear-pink,0.95,0.76,0.74,1,1,0.05,8,0,0,0,1,0,0,0,-1,1,1
penny-eyes,0.66,0.7,0.32,1,1,0.8,96,0,0,0,1,0,0,0,-1,1,1
penny-closed-eye,0.22,0.16,0.12,1,1,0,24,0,0,0,1,0,0,0,-1,1,1
penny-whisker,0.92,0.92,0.92,1,1,0,24,0,0,0,1,0,0,0,-1,1,1
penny-pink,0.93,0.62,0.62,1,1,0.2,16,0,0,0,1,0,0,0,-1,1,1
haunted-train-wood,0.38,0.14,0.12,1,1,0.28,28,0,0,0,1,0,0,0,0,0.8,0.8
haunted-train-brass,0.72,0.49,0.2,1,1,0.72,72,0,0,0,1,0.12,0,0,-1,1,1
haunted-train-iron,0.13,0.15,0.17,1,1,0.62,48,0,0,0,1,0,0,0,-1,1,1
clue-block-color-0,0.78,0.12,0.12,1,1,0.22,22,0,0,0,1,0,0,0,4,1,1
clue-block-color-1,0.92,0.67,0.14,1,1,0.22,22,0,0,0,1,0,0,0,4,1,1
clue-block-color-2,0.12,0.28,0.78,1,1,0.22,22,0,0,0,1,0,0,0,4,1,1
old-clock-blue-rim,0.035,0.16,0.56,1,1,0.35,38,0,0,0,1,0,0,0,-1,1,1
toy-story-clock-face,1,1,1,1,0.9,0.1,20,0,0,0,1,0,0,0,21,1,-1
clock-clue-plate,0.72,0.56,0.24,1,1,0.6,48,0,0,0,1,0,0,0,-1,1,1
combination-keypad-case,0.24,0.17,0.12,1,1,0.28,28,0,0,0,1,0,0,0,0,0.8,0.8
combination-keypad-metal,0.34,0.37,0.4,1,1,0.78,88,0,0,0,1,0,0,0,-1,1,1
combination-keypad-digit,0.08,0.09,0.1,1,1,0.25,25,0,0,0,1,0,0,0,-1,1,1
broken-door-wood,0.48,0.2,0.12,1,1,0.25,24,0,0,0,1,0,0,0,0,1,1
contact-shadow,0.012,0.018,0.03,1,1,0,24,0,0,0,0.2,0,1,0,-1,1,1
